{"cameraMode":{"drawMode":0,"name":"Shaded","section":"Shading Mode"},"sceneLighting":false,"audioPlay":false,"sceneViewState":{"showFog":true,"showMaterialUpdate":false,"showSkybox":true,"showFlares":true,"showImageEffects":true,"showParticleSystems":true},"in2DMode":false,"pivot":{"x":-1.4586669206619263,"y":2.5926804542541506,"z":-0.7979224324226379},"rotation":{"x":-0.3291347622871399,"y":-0.24881446361541749,"z":0.0903482660651207,"w":-0.9064229726791382},"size":0.040117502212524417,"orthographic":false}