{"cameraMode":{"drawMode":0,"name":"Shaded","section":"Shading Mode"},"sceneLighting":false,"audioPlay":false,"sceneViewState":{"showFog":true,"showMaterialUpdate":false,"showSkybox":true,"showFlares":true,"showImageEffects":true,"showParticleSystems":true},"in2DMode":false,"pivot":{"x":0.039793457835912707,"y":-4.439144611358643,"z":0.6435154676437378},"rotation":{"x":-0.6685503125190735,"y":0.008251242339611054,"z":-0.007420726120471954,"w":-0.7435894012451172},"size":6.268916130065918,"orthographic":false}