{"cameraMode":{"drawMode":0,"name":"Shaded","section":"Shading Mode"},"sceneLighting":true,"audioPlay":false,"sceneViewState":{"showFog":true,"showMaterialUpdate":false,"showSkybox":true,"showFlares":true,"showImageEffects":true,"showParticleSystems":true},"in2DMode":false,"pivot":{"x":12.26776123046875,"y":-0.21389591693878175,"z":13.963628768920899},"rotation":{"x":-0.007586803287267685,"y":0.537839949131012,"z":0.004841039422899485,"w":0.8430008292198181},"size":32.807926177978519,"orthographic":false}