{"cameraMode":{"drawMode":0,"name":"Shaded","section":"Shading Mode"},"sceneLighting":false,"audioPlay":false,"sceneViewState":{"showFog":true,"showMaterialUpdate":false,"showSkybox":true,"showFlares":true,"showImageEffects":true,"showParticleSystems":true},"in2DMode":false,"pivot":{"x":0.760113000869751,"y":1.4244050979614258,"z":-0.07819610834121704},"rotation":{"x":-0.3291347622871399,"y":-0.24881446361541749,"z":0.0903482660651207,"w":-0.9064229726791382},"size":1.6048731803894044,"orthographic":false}