{"cameraMode":{"drawMode":0,"name":"Shaded","section":"Shading Mode"},"sceneLighting":true,"audioPlay":false,"sceneViewState":{"showFog":true,"showMaterialUpdate":false,"showSkybox":true,"showFlares":true,"showImageEffects":true,"showParticleSystems":true},"in2DMode":false,"pivot":{"x":-3.355109214782715,"y":2.6057114601135256,"z":-11.260336875915528},"rotation":{"x":0.04048844799399376,"y":0.005097516812384129,"z":-0.0002065528678940609,"w":0.9991679787635803},"size":6.532161712646484,"orthographic":false}