{"cameraMode":{"drawMode":0,"name":"Shaded","section":"Shading Mode"},"sceneLighting":false,"audioPlay":false,"sceneViewState":{"showFog":true,"showMaterialUpdate":false,"showSkybox":true,"showFlares":true,"showImageEffects":true,"showParticleSystems":true},"in2DMode":false,"pivot":{"x":1.3591535091400147,"y":-1.973813533782959,"z":2.0622761249542238},"rotation":{"x":-0.3291347622871399,"y":-0.24881446361541749,"z":0.0903482660651207,"w":-0.9064229726791382},"size":3.7851240634918215,"orthographic":false}